concept_id,label,plain_label,subtitle,display_concept_id,display_refined,display_refinement_confidence,alternate_display_labels,bucket_hint,instance_support,distinct_paper_support,weighted_degree,pagerank,in_degree,out_degree,neighbor_count,top_countries,top_units,app_link
FG3C000001,economic growth,economic growth,,FG3C000001,False,0.0,"['economic growth (output)', 'import growth', 'growth hypothesis']",adjacent,3949,3942,6342.0,0.02176391,1085,438,1247,"['China', 'India']","['country', 'region', 'location']",https://frontiergraph.com/literature/?q=economic+growth
FG3C000003,CO2 emissions,CO2 emissions,,FG3C000003,False,0.0,"['closed economies', 'combined forecasts', 'carbon emissions (CO2 emissions)']",adjacent,1547,1547,4912.0,0.01734411,713,208,754,"['China', 'India']","['country', 'region', 'location']",https://frontiergraph.com/literature/?q=CO2+emissions
FG3C000010,carbon emissions,carbon emissions,,FG3C000010,False,0.0,"['transport CO2 emissions', 'overall carbon emissions', 'cap-and-trade policy']",adjacent,1290,1286,3464.0,0.01240466,726,175,772,"['China', 'India']","['country', 'region', 'location']",https://frontiergraph.com/literature/?q=carbon+emissions
FG3C000018,renewable energy consumption,renewable energy consumption,,FG3C000018,False,0.0,"['renewable energy consumption per capita', 'consumption of renewable energy', 'total renewable energy consumption']",adjacent,1076,1076,2304.0,0.00663863,337,222,440,"['China', 'India', 'OECD']","['country', 'region', 'other']",https://frontiergraph.com/literature/?q=renewable+energy+consumption
FG3C000014,energy consumption,energy consumption,,FG3C000014,False,0.0,"['disaggregated energy consumption', 'resource consumption', 'energy consumption / energy use']",adjacent,1121,1115,2071.0,0.0062846,303,213,415,"['China', 'India', 'Pakistan']","['country', 'region', 'location']",https://frontiergraph.com/literature/?q=energy+consumption
FG3C000006,financial development,financial development,,FG3C000006,False,0.0,"['development of financial institutions', 'domestic financial development', 'financial development indicators']",adjacent,1239,1231,1902.0,0.00311897,223,351,468,"['China', 'India', 'Pakistan']","['country', 'region', 'location']",https://frontiergraph.com/literature/?q=financial+development
FG3C000064,ecological footprint,ecological footprint,,FG3C000064,False,0.0,"['environmental footprint', 'ecological footprint (environmental sustainability)', 'per capita ecological footprint']",adjacent,434,428,1801.0,0.00601709,331,81,346,"['China', 'India', 'OECD']","['country', 'region', 'location']",https://frontiergraph.com/literature/?q=ecological+footprint
FG3C000002,inflation,inflation,,FG3C000002,False,0.0,"['foreign inflation', 'past inflation', 'aggregate inflation']",core,1689,1677,1481.0,0.00420888,419,333,655,"['United States', 'China']","['country', 'other', 'region']",https://frontiergraph.com/literature/?q=inflation
FG3C000017,trade openness,trade openness,,FG3C000017,False,0.0,"['degree of trade openness', 'trade openness (TO)']",adjacent,905,903,1192.0,0.00187405,108,310,363,"['China', 'India', 'Pakistan']","['country', 'region', 'industry']",https://frontiergraph.com/literature/?q=trade+openness
FG3C000012,urbanization,urbanization,,FG3C000012,False,0.0,"['urbanization (urban population)', 'rapid urbanization', 'urban size']",adjacent,1001,998,1187.0,0.00197306,107,251,300,"['China', 'India']","['country', 'region', 'location']",https://frontiergraph.com/literature/?q=urbanization
FG3C000013,technological innovation,technological innovation,,FG3C000013,False,0.0,"['agricultural technological innovation', 'technological investment', 'corporate technological innovation']",adjacent,870,869,1124.0,0.00164879,225,242,410,"['China', 'India']","['country', 'region', 'location']",https://frontiergraph.com/literature/?q=technological+innovation
FG3C000015,foreign direct investments,foreign direct investments,,FG3C000015,False,0.0,"['foreign firm', 'FDI (Foreign Direct Investment)', 'export promotion policies']",adjacent,801,801,992.0,0.00129308,136,290,378,"['China', 'India']","['country', 'region', 'location']",https://frontiergraph.com/literature/?q=foreign+direct+investments
FG3C006644,Method of Moments Quantile Regression (MMQR),Method of Moments Quantile Regression (MMQR),,FG3C006644,False,0.0,"['parameter values', 'Quantile regression techniques', 'observed data']",core,2281,2191,988.0,0.00215178,311,426,694,"['United States', 'China']","['individual', 'country', 'other']",https://frontiergraph.com/literature/?q=Method+of+Moments+Quantile+Regression+%28MMQR%29
FG3C000068,digital economy,digital economy,,FG3C000068,False,0.0,"['development of the digital economy', 'digital economy development level']",adjacent,334,334,870.0,0.00034225,65,257,303,"['China', 'G7']","['region', 'location', 'country']",https://frontiergraph.com/literature/?q=digital+economy
FG3C000053,green innovation,green innovation,,FG3C000053,False,0.0,"['green enterprises', ""firms' green innovation"", 'green R&D investment']",adjacent,562,539,856.0,0.00179027,263,172,395,"['China', 'OECD']","['firm', 'country', 'location']",https://frontiergraph.com/literature/?q=green+innovation
FG3C004594,carbon emissions (CO2 emissions),carbon emissions (CO2 emissions),,FG3C004594,False,0.0,"['overall emissions', 'cumulative CO2 emissions', 'global greenhouse gas emissions']",adjacent,641,614,830.0,0.00310435,351,111,425,"['China', 'United States']","['country', 'region', 'location']",https://frontiergraph.com/literature/?q=carbon+emissions+%28CO2+emissions%29
FG3C000038,energy efficiency,energy efficiency,,FG3C000038,False,0.0,"['energy-efficient technologies', 'energy efficiency (energy intensity)', 'fossil fuel efficiency']",adjacent,546,542,797.0,0.00196444,295,143,392,"['China', 'OECD']","['country', 'region', 'location']",https://frontiergraph.com/literature/?q=energy+efficiency
FG3C000011,output,output,,FG3C000011,False,0.0,"['output (aggregate output)', 'output changes', 'U.S. output']",core,1053,1045,794.0,0.00335874,432,83,488,"['United States', 'China']","['country', 'firm', 'region']",https://frontiergraph.com/literature/?q=output
FG3C000059,renewable energy,renewable energy,,FG3C000059,False,0.0,"['renewable energy capacity', 'renewable energy index', 'alternative and nuclear energy']",adjacent,566,563,787.0,0.00153894,148,160,265,"['China', 'India', 'OECD']","['country', 'region', 'firm']",https://frontiergraph.com/literature/?q=renewable+energy
FG3C000009,unemployment,unemployment,,FG3C000009,False,0.0,"['level of unemployment', 'rate of unemployment', 'European unemployment']",core,1101,1071,774.0,0.00326818,341,159,456,"['United States', 'United Kingdom']","['country', 'individual', 'region']",https://frontiergraph.com/literature/?q=unemployment
FG3C000091,economic growth (GDP),economic growth (GDP),,FG3C000091,False,0.0,"['economic performance (GDP)', 'real per capita GDP growth', 'economic growth (output)']",adjacent,328,328,766.0,0.00305385,164,114,211,"['China', 'India', 'Pakistan']","['country', 'region', 'industry']",https://frontiergraph.com/literature/?q=economic+growth+%28GDP%29
FG3C000016,human capital,human capital,,FG3C000016,False,0.0,"['accumulation of human capital', 'rural human capital', 'Human capital intensity']",adjacent,789,789,743.0,0.000762,104,286,354,"['China', 'OECD']","['country', 'region', 'location']",https://frontiergraph.com/literature/?q=human+capital
FG3C000063,green finance,green finance,,FG3C000063,False,0.0,"['green fiscal policies', 'green insurance', 'green financial policies']",adjacent,413,405,722.0,0.0009518,127,212,298,"['China', 'OECD']","['region', 'country', 'location']",https://frontiergraph.com/literature/?q=green+finance
FG3C000025,income inequality,income inequality,,FG3C000025,False,0.0,"['inequality measures', 'within-country income inequality', 'income disparity']",core,627,616,718.0,0.00212326,289,121,387,"['China', 'United States', 'OECD']","['country', 'region', 'household']",https://frontiergraph.com/literature/?q=income+inequality
FG3C000041,energy intensity,energy intensity,,FG3C000041,False,0.0,"['energy intensity (energy efficiency)', 'renewable energy intensity', 'energy intensity effect']",adjacent,531,529,711.0,0.00172512,231,97,304,"['China', 'OECD']","['country', 'region', 'location']",https://frontiergraph.com/literature/?q=energy+intensity
FG3C000004,welfare,welfare,,FG3C000004,False,0.0,"['U.S. welfare', 'welfare (aggregate welfare)', 'welfare of the poor']",core,1306,1304,683.0,0.00306156,467,14,478,"['United States', 'China']","['country', 'household', 'individual']",https://frontiergraph.com/literature/?q=welfare
FG3C000019,investment,investment,,FG3C000019,False,0.0,"['time-varying investment opportunities', 'investment (aggregate)', 'investment in risky assets']",core,927,914,676.0,0.00239472,316,149,428,"['China', 'United States']","['country', 'firm', 'industry']",https://frontiergraph.com/literature/?q=investment
FG3C000007,employment,employment,,FG3C000007,False,0.0,"['firm-level employment', 'service employment', 'industry employment']",core,957,955,668.0,0.00282998,378,71,422,"['United States', 'China']","['individual', 'firm', 'country']",https://frontiergraph.com/literature/?q=employment
FG3C000021,productivity,productivity,,FG3C000021,False,0.0,"['long-run productivity growth', 'firm productivity / performance', 'domestic productivity']",core,948,941,668.0,0.00233906,349,138,454,"['China', 'United States', 'United Kingdom']","['firm', 'country', 'industry']",https://frontiergraph.com/literature/?q=productivity
FG3C000040,environmental regulation,environmental regulation,,FG3C000040,False,0.0,"['local environmental regulations', 'voluntary environmental regulation', 'environmental regulation policies']",adjacent,544,533,668.0,0.00023876,57,250,285,"['China', 'United States']","['region', 'location', 'firm']",https://frontiergraph.com/literature/?q=environmental+regulation
FG3C000005,COVID-19 pandemic,COVID-19 pandemic,,FG3C000005,False,0.0,"['coronavirus pandemic', 'pandemics', 'COVID-19 pandemic onset']",adjacent,1067,1067,638.0,0.0001361,20,433,446,"['China', 'United States']","['country', 'individual', 'region']",https://frontiergraph.com/literature/?q=COVID-19+pandemic
FG3C000024,monetary policy,monetary policy,,FG3C000024,False,0.0,"['monetary policy (interest rate)', 'monetary policy framework', 'Federal Reserve monetary policy']",core,837,827,633.0,0.00093699,142,297,398,"['United States', 'China']","['country', 'policy_unit', 'organization']",https://frontiergraph.com/literature/?q=monetary+policy
FG3C000081,environmental quality,environmental quality,,FG3C000081,False,0.0,"['environmental quality / environmental degradation', 'regional environmental quality', 'minimum quality standards']",adjacent,381,380,629.0,0.00278368,278,43,296,"['China', 'India']","['country', 'region', 'location']",https://frontiergraph.com/literature/?q=environmental+quality
FG3C000035,stock returns,stock returns,,FG3C000035,False,0.0,"['past stock returns', 'global stock returns', 'intraday returns']",core,680,672,598.0,0.0025645,263,61,299,"['China', 'United States']","['firm', 'market', 'product']",https://frontiergraph.com/literature/?q=stock+returns
FG3C000134,environmental sustainability,environmental sustainability,,FG3C000134,False,0.0,"['sustainability performance', 'environmental sustainability / environmental quality', 'environmental sustainability (ecological footprint)']",adjacent,327,327,581.0,0.00281949,246,44,268,"['China', 'India', 'OECD']","['country', 'firm', 'location']",https://frontiergraph.com/literature/?q=environmental+sustainability
FG3C000167,carbon dioxide (CO2) emissions,carbon dioxide (CO2) emission,,FG3C000167,True,0.8188,"['carbon (CO2) emissions', 'total carbon dioxide emissions', 'provincial CO2 emissions']",adjacent,200,199,581.0,0.00222338,207,40,219,"['China', 'OECD']","['country', 'region', 'location']",https://frontiergraph.com/literature/?q=carbon+dioxide+%28CO2%29+emission
FG3C000030,innovation,innovation,,FG3C000030,False,0.0,"['innovation (general)', 'innovation rate', 'innovation outcomes']",core,587,583,580.0,0.00101222,196,173,336,"['China', 'Italy']","['firm', 'country', 'region']",https://frontiergraph.com/literature/?q=innovation
FG3C001420,environmental quality (CO2 emissions),environmental quality,environmental outcomes measured through CO2 emissions,FG3C001420,False,0.0,"['environmental quality (carbon emissions)', 'institution quality', 'overall emissions']",adjacent,336,335,557.0,0.00196882,204,83,256,"['China', 'United States', 'Italy']","['country', 'location', 'region']",https://frontiergraph.com/literature/?q=environmental+quality
FG3C000022,wages,wages,,FG3C000022,False,0.0,"['local wages', 'domestic wages', 'Manufacturing wages']",core,834,828,556.0,0.00218234,271,96,346,"['United States', 'China']","['individual', 'firm', 'location']",https://frontiergraph.com/literature/?q=wages
FG3C000034,oil prices,oil prices,,FG3C000034,False,0.0,"['WTI oil price', 'petroleum prices', 'global oil price']",adjacent,473,473,551.0,0.00079606,90,180,228,"['United States', 'China']","['country', 'market', 'other']",https://frontiergraph.com/literature/?q=oil+prices
FG3C000046,exports,exports,,FG3C000046,False,0.0,"['aggregate exports', 'U.S. exports', 'exports and imports']",core,530,523,549.0,0.00155636,161,129,256,"['China', 'United States']","['country', 'firm', 'region']",https://frontiergraph.com/literature/?q=exports
FG3C000036,institutional quality,institutional quality,,FG3C000036,False,0.0,"['institution quality', 'institutional rules', 'country institutional quality']",adjacent,557,556,548.0,0.0003296,47,227,254,"['China', 'India', 'OECD']","['country', 'region', 'firm']",https://frontiergraph.com/literature/?q=institutional+quality
FG3C000008,income,income,,FG3C000008,False,0.0,"['income level groups', 'Income (per capita)', 'country income groups']",adjacent,857,856,547.0,0.00078806,84,210,267,"['China', 'United States']","['individual', 'country', 'household']",https://frontiergraph.com/literature/?q=income
FG3C000094,green technology innovation,green technology innovation,,FG3C000094,False,0.0,"['urban green technology innovation', 'digital technology innovation', 'green technology adoption']",adjacent,316,315,530.0,0.0010324,141,107,226,"['China', 'India']","['location', 'firm', 'region']",https://frontiergraph.com/literature/?q=green+technology+innovation
FG3C000065,sustainable development,sustainable development,,FG3C000065,False,0.0,"['Sustainable Development (SD)', 'Official Development Assistance (ODA)', 'long-term sustainable development']",adjacent,398,398,528.0,0.0020883,271,42,290,"['China', 'European Union']","['country', 'region', 'firm']",https://frontiergraph.com/literature/?q=sustainable+development
FG3C000026,economic development,economic development,,FG3C000026,False,0.0,"['national economic development', 'Macroeconomic development', 'green economy development']",adjacent,540,540,509.0,0.00161287,203,128,294,"['China', 'India']","['country', 'region', 'location']",https://frontiergraph.com/literature/?q=economic+development
FG3C000039,globalization,globalization,,FG3C000039,False,0.0,"['globalization level', 'globalization (overall)']",adjacent,473,470,496.0,0.00045819,34,174,187,"['China', 'India', 'G7']","['country', 'other', 'industry']",https://frontiergraph.com/literature/?q=globalization
FG3C000124,natural resources,natural resources,,FG3C000124,False,0.0,"['environmental resources', 'water resources', 'total natural resources']",adjacent,402,400,489.0,0.00062827,67,144,188,"['China', 'Pakistan']","['country', 'region', 'location']",https://frontiergraph.com/literature/?q=natural+resources
FG3C000130,environmental degradation,environmental degradation,,FG3C000130,False,0.0,[],adjacent,209,209,475.0,0.00201955,159,37,173,"['China', 'India', 'Pakistan']","['country', 'region', 'location']",https://frontiergraph.com/literature/?q=environmental+degradation
FG3C000033,consumption,consumption,,FG3C000033,False,0.0,"['consumption (aggregate)', 'nondurable consumption', 'consumption goods']",core,809,798,473.0,0.00188926,250,100,330,"['United States', 'China']","['household', 'country', 'individual']",https://frontiergraph.com/literature/?q=consumption
FG3C000160,electricity consumption,electricity consumption,,FG3C000160,False,0.0,['Industrial electricity consumption'],adjacent,220,219,473.0,0.00142091,85,69,120,"['China', 'Algeria']","['country', 'region', 'household']",https://frontiergraph.com/literature/?q=electricity+consumption
FG3C000096,stock prices,stock prices,,FG3C000096,False,0.0,"['stock market data', 'financial market prices', 'stock index']",core,551,542,450.0,0.0014541,198,102,276,"['United States', 'China']","['market', 'firm', 'country']",https://frontiergraph.com/literature/?q=stock+prices
FG3C000203,environmental pollution,environmental pollution,,FG3C000203,False,0.0,"['pollution level', 'environmental quality / pollution', 'environmental pollution / environmental quality']",adjacent,257,256,442.0,0.00146232,206,53,244,"['China', 'Germany']","['region', 'country', 'location']",https://frontiergraph.com/literature/?q=environmental+pollution
FG3C000103,financial inclusion,financial inclusion,,FG3C000103,False,0.0,"['financial inclusion (index)', 'financial exclusion']",adjacent,272,270,442.0,0.00061743,116,128,217,"['China', 'Africa', 'India']","['country', 'region', 'household']",https://frontiergraph.com/literature/?q=financial+inclusion
FG3C000048,foreign direct investment,foreign direct investment,,FG3C000048,False,0.0,['investment in agriculture'],adjacent,410,410,440.0,0.00074791,61,157,195,"['China', 'India']","['country', 'region', 'location']",https://frontiergraph.com/literature/?q=foreign+direct+investment
FG3C000215,green total factor productivity (GTFP),green total factor productivity (GTFP),,FG3C000215,False,0.0,"['agricultural green total factor productivity (AGTFP)', 'enterprise green total factor productivity (GTFP)', 'industrial green total factor productivity (GTFP)']",adjacent,174,174,438.0,0.00130565,206,19,219,"['China', 'OECD']","['region', 'location', 'other']",https://frontiergraph.com/literature/?q=green+total+factor+productivity+%28GTFP%29
FG3C000072,exchange rates,exchange rates,,FG3C000072,False,0.0,"['EUR/USD exchange rate', 'official exchange rate', 'freight rates']",core,556,545,433.0,0.00136518,130,126,229,"['China', 'United States']","['country', 'market', 'country_pair']",https://frontiergraph.com/literature/?q=exchange+rates
FG3C000055,trade,trade,,FG3C000055,False,0.0,"['trades', 'trade performance', 'international trade (trade flows)']",core,431,429,429.0,0.00106466,114,145,237,"['China', 'United States', 'India']","['country', 'country_pair', 'region']",https://frontiergraph.com/literature/?q=trade
FG3C000323,willingness to pay (WTP),willingness to pay (WTP),,FG3C000323,False,0.0,"['willingness to pay (WTP) values', 'mean willingness to pay (mean WTP)', 'willingness-to-pay']",adjacent,620,604,423.0,0.00226167,189,37,216,"['China', 'United States', 'Spain']","['individual', 'household', 'firm']",https://frontiergraph.com/literature/?q=willingness+to+pay+%28WTP%29
FG3C000110,output growth,output growth,,FG3C000110,False,0.0,"['slower economic growth', 'growth rate of output', 'future output growth']",core,508,498,420.0,0.00209052,238,66,280,"['United States', 'China', 'United Kingdom']","['country', 'industry', 'region']",https://frontiergraph.com/literature/?q=output+growth
FG3C000037,GDP,GDP,,FG3C000037,False,0.0,"['GDP loss', 'city GDP', 'GDP per-capita']",adjacent,485,483,411.0,0.0010993,118,106,194,"['China', 'India', 'United States']","['country', 'region', 'location']",https://frontiergraph.com/literature/?q=GDP
FG3C000411,model parameters,model parameters,,FG3C000411,False,0.0,"['parameters of the model', 'Model performance metrics', 'proposed model']",core,1079,1055,409.0,0.00058247,96,246,321,"['United States', 'China']","['individual', 'region', 'market']",https://frontiergraph.com/literature/?q=model+parameters
FG3C000074,economic policy uncertainty (EPU),economic policy uncertainty (EPU),,FG3C000074,False,0.0,['US economic policy uncertainty (US EPU)'],core,346,334,403.0,0.00033976,64,197,238,"['China', 'United States']","['country', 'firm', 'organization']",https://frontiergraph.com/literature/?q=economic+policy+uncertainty+%28EPU%29
FG3C000097,industrial structure upgrading,industrial structure upgrading,,FG3C000097,False,0.0,"['upgrading industrial structures', 'Industrial structural upgrading']",adjacent,298,298,400.0,0.0004941,105,96,187,"['China', 'Italy']","['region', 'location', 'other']",https://frontiergraph.com/literature/?q=industrial+structure+upgrading
FG3C000020,firm size,firm size,,FG3C000020,False,0.0,"['small firm size', 'start-up size', 'optimal firm size']",core,735,733,398.0,0.00044891,77,193,255,"['China', 'Italy', 'Spain']","['firm', 'organization', 'establishment']",https://frontiergraph.com/literature/?q=firm+size
FG3C000044,industrial structure,industrial structure,,FG3C000044,False,0.0,"['regional industrial structure', 'industrial structure (IS)', 'industrial structure change']",adjacent,505,504,396.0,0.00041091,81,131,196,"['China', 'Brazil']","['region', 'location', 'country']",https://frontiergraph.com/literature/?q=industrial+structure
FG3C000027,interest rates,interest rates,,FG3C000027,False,0.0,"['interest rate variables', 'monetary policy (interest rate)', 'U.S. interest rates']",core,728,727,392.0,0.00104022,152,142,270,"['United States', 'China']","['country', 'market', 'other']",https://frontiergraph.com/literature/?q=interest+rates
FG3C000060,GDP per capita,GDP per capita,,FG3C000060,False,0.0,"['Gross domestic product (GDP) per capita', 'regional GDP per capita', 'Income (per capita)']",adjacent,425,423,381.0,0.00105755,72,116,166,"['China', 'India', 'BRICS']","['country', 'region', 'location']",https://frontiergraph.com/literature/?q=GDP+per+capita
FG3C000117,oil price,oil price,,FG3C000117,False,0.0,"['crude oil spot price', 'global oil price', 'oil price dynamics']",adjacent,363,356,378.0,0.00051915,81,152,204,"['United States', 'China']","['country', 'market', 'firm']",https://frontiergraph.com/literature/?q=oil+price
FG3C000071,economic policy uncertainty,economic policy uncertainty,,FG3C000071,False,0.0,"['economic policy uncertainty index', 'economic policy uncertainty (EPU)', 'US policy uncertainty']",core,325,321,372.0,0.00037685,53,185,218,"['China', 'United States']","['country', 'firm', 'region']",https://frontiergraph.com/literature/?q=economic+policy+uncertainty
FG3C000045,technological progress,technological progress,,FG3C000045,False,0.0,"['Biased technological progress', 'agricultural technological innovation', 'rate of technological progress']",adjacent,434,432,371.0,0.00052664,103,144,234,"['China', 'India']","['region', 'country', 'location']",https://frontiergraph.com/literature/?q=technological+progress
FG3C000070,productivity growth,productivity growth,,FG3C000070,False,0.0,"['long-run productivity growth', 'industry productivity growth', 'firm productivity growth']",core,420,412,367.0,0.00148275,211,61,263,"['China', 'United States']","['industry', 'firm', 'country']",https://frontiergraph.com/literature/?q=productivity+growth
FG3C000249,natural resource rents,natural resource rents,,FG3C000249,False,0.0,"['natural resource price volatility', 'housing rent', 'rent']",adjacent,252,251,363.0,0.0004464,61,115,155,"['China', 'India', 'BRICS']","['country', 'region', 'location']",https://frontiergraph.com/literature/?q=natural+resource+rents
FG3C000246,green growth,green growth,,FG3C000246,False,0.0,"['green growth (GG)', 'green development level', 'economic growth (output)']",adjacent,147,145,359.0,0.00139112,151,27,164,"['China', 'OECD']","['country', 'region', 'firm']",https://frontiergraph.com/literature/?q=green+growth
FG3C000123,oil price shocks,oil price shocks,,FG3C000123,False,0.0,"['unexpected oil price shocks', 'real oil price shocks', 'oil inventories']",core,306,293,359.0,0.00023398,46,166,201,"['United States', 'Iran']","['country', 'market', 'firm']",https://frontiergraph.com/literature/?q=oil+price+shocks
FG3C000121,greenhouse gas emissions,greenhouse gas emissions,,FG3C000121,False,0.0,"['global greenhouse gas emissions', 'total greenhouse gas emissions', 'per capita greenhouse gas emissions']",adjacent,256,255,348.0,0.00169727,175,38,195,"['China', 'Canada', 'OECD']","['country', 'region', 'other']",https://frontiergraph.com/literature/?q=greenhouse+gas+emissions
FG3C000029,education,education,,FG3C000029,False,0.0,"['demand for education', 'maternal education', 'years of education']",adjacent,535,533,348.0,0.00051563,49,179,215,"['China', 'United States']","['individual', 'country', 'household']",https://frontiergraph.com/literature/?q=education
FG3C000042,trading volume,trading volume,,FG3C000042,False,0.0,"['traded volume', 'option trading volume', 'stock trading volume']",core,500,495,347.0,0.00130422,128,85,184,"['China', 'United States']","['market', 'firm', 'other']",https://frontiergraph.com/literature/?q=trading+volume
FG3C002284,firm total factor productivity (TFP),firm total factor productivity (TFP),,FG3C002284,False,0.0,"['firm total factor productivity', 'aggregate TFP', 'total factor productivity (TFP) of manufacturing firms']",core,259,257,346.0,0.00140391,185,34,212,"['China', 'United States']","['firm', 'country', 'region']",https://frontiergraph.com/literature/?q=firm+total+factor+productivity+%28TFP%29
FG3C000028,prices,prices,,FG3C000028,False,0.0,"['industrial prices', 'US prices', 'current prices']",core,583,579,344.0,0.00117446,194,73,251,"['United States', 'China']","['country', 'market', 'industry']",https://frontiergraph.com/literature/?q=prices
FG3C000232,non-renewable energy consumption,non-renewable energy consumption,,FG3C000232,False,0.0,"['non-fossil energy consumption', 'non-renewable (fossil) energy consumption', 'Primary energy use']",adjacent,188,188,344.0,0.00093936,70,65,110,"['China', 'OECD', 'United States']","['country', 'region', 'other']",https://frontiergraph.com/literature/?q=non-renewable+energy+consumption
FG3C000173,energy use,energy use,,FG3C000173,False,0.0,"['coal use', 'Energy use (energy consumption)', 'drug use']",adjacent,226,226,340.0,0.0011476,72,76,122,"['China', 'India', 'Pakistan']","['country', 'individual', 'region']",https://frontiergraph.com/literature/?q=energy+use
FG3C000061,total factor productivity (TFP),total factor productivity (TFP),,FG3C000061,False,0.0,['productivity (TFP)'],core,283,283,339.0,0.00107973,185,55,230,"['China', 'Italy', 'United States']","['firm', 'country', 'industry']",https://frontiergraph.com/literature/?q=total+factor+productivity+%28TFP%29
FG3C000384,information and communication technology (ICT),information and communication technology (ICT),,FG3C000384,False,0.0,"['information and communication technology (ICT) development', 'cap-and-trade programs', 'Bangladesh']",adjacent,270,269,338.0,0.00051418,42,145,168,"['China', 'United Kingdom', 'India']","['country', 'firm', 'industry']",https://frontiergraph.com/literature/?q=information+and+communication+technology+%28ICT%29
FG3C000089,R&D investment,R&D investment,,FG3C000089,False,0.0,"['corporate R&D investment', 'investment in research and development (R&D)', ""firms' R&D investment""]",adjacent,275,275,334.0,0.00062388,124,111,220,"['China', 'Korea']","['firm', 'region', 'organization']",https://frontiergraph.com/literature/?q=R%26D+investment
FG3C000051,house prices,house prices,,FG3C000051,False,0.0,"['U.S. house prices', 'house sale price', 'single-family house prices']",core,471,470,333.0,0.00144535,153,63,203,"['United States', 'China']","['location', 'household', 'region']",https://frontiergraph.com/literature/?q=house+prices
FG3C000050,housing prices,housing prices,,FG3C000050,False,0.0,"['urban housing prices', 'scarcity', 'Housing rental prices']",core,341,340,332.0,0.0012428,166,66,210,"['China', 'United States']","['location', 'other', 'region']",https://frontiergraph.com/literature/?q=housing+prices
FG3C000202,green bonds,green bonds,,FG3C000202,False,0.0,"['green bonds (GBs)', 'Green financial assets', 'Green bond financing']",core,272,257,331.0,0.00052591,86,141,195,"['China', 'United States']","['market', 'firm', 'country']",https://frontiergraph.com/literature/?q=green+bonds
FG3C000242,digital finance,digital finance,,FG3C000242,False,0.0,"['coverage breadth of digital finance', 'digital finance (DF)', 'international finance']",adjacent,139,131,328.0,0.00011486,30,148,168,"['China', 'Malaysia']","['location', 'region', 'firm']",https://frontiergraph.com/literature/?q=digital+finance
FG3C000267,energy transition,energy transition,,FG3C000267,False,0.0,"['global energy transition', 'clean energy transition', 'sustainable energy transition']",adjacent,188,186,325.0,0.0008381,140,64,184,"['China', 'OECD', 'United States']","['country', 'region', 'location']",https://frontiergraph.com/literature/?q=energy+transition
FG3C000043,volatility,volatility,,FG3C000043,False,0.0,"['S&P 500 volatility', 'volatility models', 'good volatility']",core,529,523,322.0,0.00114762,143,86,212,"['United States', 'China']","['market', 'firm', 'other']",https://frontiergraph.com/literature/?q=volatility
FG3C004120,uncertainty measures,uncertainty measures,,FG3C004120,False,0.0,"['output uncertainty', 'high uncertainty', 'World Uncertainty Index (WUI)']",core,459,444,321.0,0.00043601,69,179,240,"['United States', 'China']","['firm', 'country', 'individual']",https://frontiergraph.com/literature/?q=uncertainty+measures
FG3C000101,gold,gold,,FG3C000101,False,0.0,"['US stocks', 'bond flows', 'safe-haven property']",core,323,318,320.0,0.00046251,63,104,140,"['United States', 'United Kingdom', 'China']","['market', 'product', 'country']",https://frontiergraph.com/literature/?q=gold
FG3C000491,environmental efficiency,environmental efficiency,,FG3C000491,False,0.0,"['land use efficiency', 'carbon emissions efficiency', 'efficiency considerations']",adjacent,163,160,319.0,0.00123215,173,29,194,"['China', 'United States']","['region', 'country', 'location']",https://frontiergraph.com/literature/?q=environmental+efficiency
FG3C001218,ecological footprints,ecological footprints,,FG3C001218,False,0.0,[],adjacent,86,86,317.0,0.00113337,129,23,137,"['India', 'China', 'Pakistan']","['country', 'other', 'region']",https://frontiergraph.com/literature/?q=ecological+footprints
FG3C000085,gross domestic product (GDP),gross domestic product (GDP),,FG3C000085,False,0.0,"['gross national product (GNP)', 'GDP (gross domestic product)', 'gross state product (GSP)']",adjacent,319,319,311.0,0.00102892,87,83,148,"['China', 'United States', 'India']","['country', 'region', 'location']",https://frontiergraph.com/literature/?q=gross+domestic+product+%28GDP%29
FG3C003006,Emission Trading Scheme (ETS),emissions trading system,,FG3C003000,True,0.8266,"['carbon emissions trading policy', 'carbon emission trading scheme', 'New Zealand Emissions Trading Scheme (NZ ETS)']",adjacent,259,254,311.0,0.00022152,30,160,183,"['China', 'European Union']","['location', 'region', 'firm']",https://frontiergraph.com/literature/?q=emissions+trading+system
FG3C000090,financing constraints,financing constraints,,FG3C000090,False,0.0,"['financing constraint', 'external financing constraints', 'financing constraints of enterprises']",adjacent,295,295,306.0,0.00039679,93,90,171,"['China', 'Italy']","['firm', 'organization', 'location']",https://frontiergraph.com/literature/?q=financing+constraints
FG3C000226,digital transformation,digital transformation,,FG3C000226,False,0.0,['digital transformation of enterprises'],adjacent,136,136,306.0,0.00019926,43,121,153,"['China', 'ten Asian countries with significant pollution']","['firm', 'organization', 'country']",https://frontiergraph.com/literature/?q=digital+transformation
FG3C000056,exchange rate,exchange rate,,FG3C000056,False,0.0,[],core,337,337,303.0,0.00060277,101,101,179,"['United States', 'Nigeria', 'China']","['country', 'market', 'other']",https://frontiergraph.com/literature/?q=exchange+rate
FG3C000184,carbon intensity,carbon intensity,,FG3C000184,False,0.0,"['carbon intensity (CI)', 'carbon intensity of energy', 'investment intensity']",adjacent,164,164,301.0,0.00086433,147,31,173,"['China', 'OECD']","['region', 'country', 'location']",https://frontiergraph.com/literature/?q=carbon+intensity
FG3C000120,environmental regulations,environmental regulations,,FG3C000120,False,0.0,"['local environmental regulations', 'informal environmental regulations', 'voluntary environmental regulation']",adjacent,299,296,295.0,0.00022387,42,154,183,"['China', 'Brazil']","['region', 'country', 'location']",https://frontiergraph.com/literature/?q=environmental+regulations
FG3C000140,income distribution,income distribution,,FG3C000140,False,0.0,"['income level groups', 'lower income countries', 'country income groups']",core,499,495,293.0,0.00083109,141,100,230,"['China', 'United States']","['household', 'individual', 'country']",https://frontiergraph.com/literature/?q=income+distribution
FG3C000347,carbon emission intensity,carbon emission intensity,,FG3C000347,False,0.0,"['industrial carbon intensity', 'corporate carbon emission intensity', 'carbon-intensive industries']",adjacent,124,124,292.0,0.00116836,141,10,148,"['China', 'HKG']","['region', 'location', 'country']",https://frontiergraph.com/literature/?q=carbon+emission+intensity
FG3C000126,imports,imports,,FG3C000126,False,0.0,"['Imports of goods and services', 'oil imports', 'food imports']",core,296,291,289.0,0.00079514,78,78,132,"['China', 'United States', 'OECD']","['country', 'industry', 'region']",https://frontiergraph.com/literature/?q=imports
FG3C000054,population growth,population growth,,FG3C000054,False,0.0,"['population change', 'population increase', 'population growth rates']",adjacent,393,393,286.0,0.00069319,53,121,164,"['China', 'United States', 'India']","['country', 'location', 'region']",https://frontiergraph.com/literature/?q=population+growth
FG3C005161,state of the business cycle,state of the business cycle,,FG3C005161,False,0.0,"['Business cycle conditions', 'business cycle phase', 'business sector']",core,547,541,283.0,0.00086084,104,128,223,"['China', 'United States']","['firm', 'country', 'region']",https://frontiergraph.com/literature/?q=state+of+the+business+cycle
FG3C000292,coal consumption,coal consumption,,FG3C000292,False,0.0,"['coal energy consumption', 'coal production', 'proportion of coal consumption']",adjacent,166,163,283.0,0.00067035,67,67,115,"['China', 'India', 'South Africa']","['country', 'region', 'other']",https://frontiergraph.com/literature/?q=coal+consumption
FG3C000156,crude oil prices,crude oil prices,,FG3C000156,False,0.0,"['crude oil spot price', 'global crude oil prices', 'Energy futures prices']",adjacent,273,268,283.0,0.00050612,72,90,136,"['United States', 'India']","['country', 'market', 'other']",https://frontiergraph.com/literature/?q=crude+oil+prices
FG3C000227,green technological innovation,green technological innovation,,FG3C000227,False,0.0,"['green industrial policy', 'strategic green innovation', 'sustainable innovation']",adjacent,219,209,279.0,0.00049407,79,80,151,"['China', 'Brazil']","['firm', 'region', 'location']",https://frontiergraph.com/literature/?q=green+technological+innovation
FG3C000069,competition,competition,,FG3C000069,False,0.0,"['level of competition', 'R&D competition', 'Competition among firms']",core,385,382,279.0,0.00043463,71,142,208,"['China', 'United States', 'India']","['market', 'industry', 'firm']",https://frontiergraph.com/literature/?q=competition
FG3C000199,economic complexity,economic complexity,,FG3C000199,False,0.0,"['model complexity', 'eigenvector centrality', 'patient complexity']",adjacent,199,196,278.0,0.00035582,50,87,129,"['China', 'G7', 'South Africa']","['country', 'region', 'industry']",https://frontiergraph.com/literature/?q=economic+complexity
FG3C000164,government subsidies,government subsidies,,FG3C000164,False,0.0,"['green subsidies', 'government environmental subsidies', 'environmental subsidies']",adjacent,230,228,278.0,0.00015362,36,122,150,"['China', 'Taiwan']","['firm', 'organization', 'policy_unit']",https://frontiergraph.com/literature/?q=government+subsidies
FG3C000753,high-speed rail,high-speed rail,,FG3C000753,False,0.0,"['high-speed rail (HSR) development', 'High-speed rail (HSR) entry', 'high-speed rail (HSR) operation']",adjacent,196,193,276.0,8.878e-05,13,169,178,"['China', 'Spain']","['location', 'other', 'region']",https://frontiergraph.com/literature/?q=high-speed+rail
FG3C005776,rate of growth,rate of growth,,FG3C005776,False,0.0,"['equilibrium growth rate', 'Solow growth model', 'growth rate of the economy']",core,450,440,275.0,0.0008979,143,78,213,"['China', 'United States']","['country', 'region', 'other']",https://frontiergraph.com/literature/?q=rate+of+growth
FG3C000058,population,population,,FG3C000058,False,0.0,"['This book', 'monotonicity', 'suburbanization']",adjacent,404,404,274.0,0.00041777,33,121,142,"['China', 'United States']","['country', 'location', 'region']",https://frontiergraph.com/literature/?q=population
FG3C000436,geopolitical risks,geopolitical risks,,FG3C000436,False,0.0,"['political risk index', 'geopolitical conflicts', 'geopolitical acts']",adjacent,256,241,274.0,0.00033167,42,139,159,"['China', 'Russia', 'United States']","['country', 'other', 'market']",https://frontiergraph.com/literature/?q=geopolitical+risks
FG3C001408,policy,policy,,FG3C001408,False,0.0,"['policy makers', 'policy frameworks', 'policy making']",adjacent,477,469,269.0,0.00067553,89,126,207,"['China', 'United States', 'United Kingdom']","['location', 'policy_unit', 'country']",https://frontiergraph.com/literature/?q=policy
FG3C000087,fiscal policy,fiscal policy,,FG3C000087,False,0.0,"['discretionary fiscal policy', 'countercyclical fiscal policy', 'fiscal policy cyclicality']",core,366,359,269.0,0.00035886,76,130,194,"['United States', 'China', 'Japan']","['country', 'policy_unit', 'region']",https://frontiergraph.com/literature/?q=fiscal+policy
FG3C000118,industrialization,industrialization,,FG3C000118,False,0.0,"['de-industrialization', 'industrialization process']",adjacent,248,248,266.0,0.00045821,43,88,117,"['China', 'Pakistan']","['country', 'location', 'region']",https://frontiergraph.com/literature/?q=industrialization
FG3C000067,profitability,profitability,,FG3C000067,False,0.0,"['expected profitability', 'firm-level profitability', 'airline profitability']",core,375,374,263.0,0.00130932,146,63,200,"['China', 'United States']","['firm', 'organization', 'industry']",https://frontiergraph.com/literature/?q=profitability
FG3C000144,economic performance,economic performance,,FG3C000144,False,0.0,"['institutional performance', 'economic performance / economic growth', 'economic states']",adjacent,206,205,263.0,0.00102819,123,41,142,"['China', 'India', 'Pakistan']","['country', 'firm', 'region']",https://frontiergraph.com/literature/?q=economic+performance
FG3C000078,international trade,international trade,,FG3C000078,False,0.0,"['international trade (trade flows)', 'world growth', 'rice']",core,299,297,262.0,0.00056967,82,116,186,"['China', 'developing countries', 'OECD']","['country', 'region', 'industry']",https://frontiergraph.com/literature/?q=international+trade
FG3C000168,stock market returns,stock market returns,,FG3C000168,False,0.0,"['global stock returns', 'Bullish market conditions', 'industry stock returns']",core,251,244,260.0,0.00094086,126,42,158,"['United States', 'China']","['market', 'country', 'industry']",https://frontiergraph.com/literature/?q=stock+market+returns
FG3C000674,price changes,price changes,,FG3C000674,False,0.0,"['relative price levels', 'competitive price', 'price decreases']",core,519,502,258.0,0.00072295,120,93,201,"['United States', 'China', 'India']","['product', 'market', 'individual']",https://frontiergraph.com/literature/?q=price+changes
FG3C000599,US stock market,US stock market,,FG3C000599,False,0.0,"['stock market data', 'New York Stock Exchange (NYSE)', 'stock index']",core,322,309,256.0,0.00094284,87,77,143,"['United States', 'China']","['market', 'country', 'firm']",https://frontiergraph.com/literature/?q=US+stock+market
FG3C000083,trade liberalization,trade liberalization,,FG3C000083,False,0.0,"['multilateral trade liberalization', 'international trade / trade liberalization', 'trade liberalization policies']",core,281,280,254.0,0.00014368,21,161,179,"['China', 'Brazil']","['country', 'region', 'location']",https://frontiergraph.com/literature/?q=trade+liberalization
FG3C000098,per capita income,per capita income,,FG3C000098,False,0.0,"['Income (per capita)', 'per capita disposable income', 'regional per capita income']",adjacent,301,301,253.0,0.00060056,56,102,143,"['China', 'United States', 'OECD']","['country', 'region', 'location']",https://frontiergraph.com/literature/?q=per+capita+income
FG3C000023,social welfare,social welfare,,FG3C000023,False,0.0,"['overall social welfare', ""countries' welfare"", 'expected social welfare']",core,597,596,251.0,0.00130089,191,7,197,"['China', 'United States', 'Italy']","['country', 'market', 'region']",https://frontiergraph.com/literature/?q=social+welfare
FG3C000104,capital,capital,,FG3C000104,False,0.0,"['domestic capital accumulation', 'central and western cities', 'large country']",core,315,313,250.0,0.00048002,57,82,120,"['China', 'United States', 'Pakistan']","['country', 'firm', 'industry']",https://frontiergraph.com/literature/?q=capital
FG3C000494,digital economy development,digital economy development,,FG3C000494,False,0.0,"['digital economy development level', 'digital transformation of enterprises']",adjacent,101,101,248.0,0.00019004,44,102,133,"['China', 'European Union']","['region', 'location', 'other']",https://frontiergraph.com/literature/?q=digital+economy+development
FG3C006328,number of agents,number of agents,,FG3C006328,False,0.0,"['parameter values', 'number of firms (n)', 'number of traders']",core,529,513,244.0,0.00055383,78,111,183,"['China', 'United States', 'Germany']","['individual', 'firm', 'organization']",https://frontiergraph.com/literature/?q=number+of+agents
FG3C000138,systemic risk,systemic risk,,FG3C000138,False,0.0,"['systemic risk / financial stability', 'systemic risk measures', 'systemic risk in financial networks']",core,285,284,243.0,0.00139404,157,22,174,"['China', 'United States', 'Europe']","['market', 'organization', 'country']",https://frontiergraph.com/literature/?q=systemic+risk
FG3C000052,unemployment rate,unemployment rate,,FG3C000052,False,0.0,"['Unemployment rate (u)', 'U.S. unemployment rate', 'rate of unemployment']",core,358,358,241.0,0.00078784,111,65,164,"['United States', 'Spain']","['country', 'region', 'individual']",https://frontiergraph.com/literature/?q=unemployment+rate
FG3C001033,environmental degradation (CO2 emissions),environmental degradation (CO2 emissions),,FG3C001033,False,0.0,"['environmental monitoring decentralization', 'carbon (CO2) emissions']",adjacent,70,70,239.0,0.00105649,94,22,100,"['China', 'Pakistan']","['country', 'region', 'location']",https://frontiergraph.com/literature/?q=environmental+degradation+%28CO2+emissions%29
FG3C000112,inflation rate,inflation rate,,FG3C000112,False,0.0,"['past inflation', 'high inflation rates', 'inflation targeting regimes']",core,291,289,238.0,0.00065344,86,79,155,"['United States', 'China']","['country', 'firm', 'region']",https://frontiergraph.com/literature/?q=inflation+rate
FG3C000100,investor sentiment,investor sentiment,,FG3C000100,False,0.0,"['market-wide sentiment', 'firm-specific investor sentiment', 'investor sentiment index']",core,301,299,235.0,0.00034044,49,118,151,"['China', 'United States']","['market', 'firm', 'individual']",https://frontiergraph.com/literature/?q=investor+sentiment
FG3C000165,geopolitical risk,geopolitical risk,,FG3C000165,False,0.0,"['global geopolitical risk', 'geopolitical uncertainty', 'major events']",adjacent,191,191,235.0,0.00024234,33,123,139,"['China', 'India', 'United States']","['country', 'market', 'firm']",https://frontiergraph.com/literature/?q=geopolitical+risk
FG3C001307,load capacity factor (LCF),ecological carrying capacity,measured here with load capacity factor,FG3C001306,True,0.8168,"['Environmental sustainability (Load Capacity Factor, LCF)', 'load capacity factor (environmental quality)']",adjacent,53,53,233.0,0.00083857,106,14,112,"['India', 'Brazil', 'China']","['country', 'region']",https://frontiergraph.com/literature/?q=ecological+carrying+capacity
FG3C005346,income tax rate,income tax rate,,FG3C005346,False,0.0,"['tax-based consolidations', 'tax system', 'labor income tax rate']",core,410,386,233.0,0.00041011,48,123,163,"['United States', 'China']","['country', 'individual', 'firm']",https://frontiergraph.com/literature/?q=income+tax+rate
FG3C000467,CO2 emissions per capita,CO2 emissions per capita,,FG3C000467,False,0.0,"['emissions per capita', 'carbon dioxide emissions per capita', 'per capita greenhouse gas emissions']",adjacent,120,120,232.0,0.00096337,109,23,117,"['China', 'India', 'Chile']","['country', 'individual', 'location']",https://frontiergraph.com/literature/?q=CO2+emissions+per+capita
FG3C000128,total factor productivity,total factor productivity,,FG3C000128,False,0.0,"['productivity (TFP)', 'total factor productivity of enterprises', 'total productivity']",core,205,205,231.0,0.000846,118,51,163,"['China', 'Italy']","['firm', 'country', 'region']",https://frontiergraph.com/literature/?q=total+factor+productivity
FG3C000730,health,health,,FG3C000730,False,0.0,"['Health care systems', 'Poor health', 'health state utility values']",adjacent,432,422,229.0,0.0011786,109,69,168,"['China', 'United States']","['individual', 'country', 'household']",https://frontiergraph.com/literature/?q=health
FG3C000077,financial stability,financial stability,,FG3C000077,False,0.0,"['global financial stability', 'financial stability risks', 'stability of the financial system']",core,325,325,228.0,0.00105833,127,35,154,"['China', 'Brazil']","['country', 'market', 'global']",https://frontiergraph.com/literature/?q=financial+stability
FG3C000057,liquidity,liquidity,,FG3C000057,False,0.0,"['liquidity variables', 'liquidity factor', 'liquidity conditions']",core,429,427,227.0,0.00068714,93,91,173,"['China', 'United States']","['firm', 'market', 'organization']",https://frontiergraph.com/literature/?q=liquidity
FG3C000423,natural gas consumption,natural gas consumption,,FG3C000423,False,0.0,"['natural gas energy consumption', 'nuclear power plants']",adjacent,109,109,227.0,0.00063327,65,44,91,"['China', 'India', 'Brazil']","['country', 'region', 'other']",https://frontiergraph.com/literature/?q=natural+gas+consumption
FG3C000206,government spending,government spending,,FG3C000206,False,0.0,"['composition of government spending', 'government budget balance', 'private spending']",core,242,238,227.0,0.0003468,55,105,152,"['United States', 'China']","['country', 'other', 'region']",https://frontiergraph.com/literature/?q=government+spending
FG3C000149,poverty,poverty,,FG3C000149,False,0.0,"['household poverty', 'incidence of poverty', 'poverty status']",adjacent,267,265,226.0,0.00108039,111,46,144,"['United States', 'China', 'Pakistan']","['household', 'country', 'individual']",https://frontiergraph.com/literature/?q=poverty
FG3C000209,Bitcoin,Bitcoin,,FG3C000209,False,0.0,"['Monero', 'VIX futures', 'Ethereum (ETH)']",core,185,178,225.0,0.00036133,50,79,107,"['United States', 'Chile', 'Australia']","['market', 'product', 'other']",https://frontiergraph.com/literature/?q=Bitcoin
FG3C000211,air pollution,air pollution,,FG3C000211,False,0.0,"['air pollutants', 'urban air pollution', 'air pollution / air quality']",adjacent,162,161,224.0,0.00045101,83,69,142,"['China', 'India']","['location', 'region', 'country']",https://frontiergraph.com/literature/?q=air+pollution
FG3C002978,low-carbon city pilot policy,low-carbon city pilot policy,,FG3C002978,False,0.0,"['low-carbon pilot cities', 'low-carbon pilot policies', 'carbon emissions trading pilot policy']",adjacent,106,94,224.0,6.943e-05,14,108,120,['China'],"['location', 'region', 'other']",https://frontiergraph.com/literature/?q=low-carbon+city+pilot+policy
FG3C000092,economic activity,economic activity,,FG3C000092,False,0.0,"['industrial activity', 'physical activity', 'activity restrictions']",core,322,321,223.0,0.00088322,120,58,164,"['United States', 'China']","['country', 'individual', 'region']",https://frontiergraph.com/literature/?q=economic+activity
FG3C000084,capital accumulation,capital accumulation,,FG3C000084,False,0.0,"['domestic capital accumulation', 'rate of capital accumulation', 'accumulation of capital']",core,332,332,222.0,0.00056175,99,74,164,"['United States', 'China', 'Mexico']","['country', 'region', 'firm']",https://frontiergraph.com/literature/?q=capital+accumulation
FG3C000031,transaction costs,transaction costs,,FG3C000031,False,0.0,"['transaction cost economics', 'transactions', 'transaction fees']",core,575,571,222.0,0.00037218,67,118,180,"['China', 'United States', 'Australia']","['firm', 'individual', 'other']",https://frontiergraph.com/literature/?q=transaction+costs
FG3C000629,CO2 emission,CO2 emission,,FG3C000629,False,0.0,"['CO2', 'CO2 emission performance', 'emission levels']",adjacent,78,78,220.0,0.00068614,84,31,96,"['China', 'Pakistan', 'Egypt']","['country', 'region', 'establishment']",https://frontiergraph.com/literature/?q=CO2+emission
FG3C006136,innovation level,innovation outcomes,,FG3C013404,True,0.5001,"['innovation rate', 'level of innovation', 'quality of innovation']",adjacent,231,224,220.0,0.00051777,110,62,162,"['China', 'OECD']","['firm', 'region', 'location']",https://frontiergraph.com/literature/?q=innovation+outcomes
FG3C001814,consumption-based carbon emissions,consumption-based carbon emissions,,FG3C001814,False,0.0,"['consumption-based carbon dioxide emissions', 'sustainable consumption']",adjacent,54,54,219.0,0.00081354,78,10,81,"['China', 'Brazil', 'Turkey']","['country', 'individual', 'region']",https://frontiergraph.com/literature/?q=consumption-based+carbon+emissions
FG3C000422,ESG performance,ESG performance,,FG3C000422,False,0.0,"['ESG factors', ""firms' ESG performance"", 'sustainable performance']",adjacent,123,123,218.0,0.00056661,68,79,135,"['China', 'Brazil']","['firm', 'organization', 'country']",https://frontiergraph.com/literature/?q=ESG+performance
FG3C000076,climate change,climate change,,FG3C000076,False,0.0,"['climate-related financial risks', 'climate change policy', 'temperature change']",adjacent,290,282,217.0,0.00058992,71,109,169,"['Asia', 'China', 'United States']","['country', 'region', 'location']",https://frontiergraph.com/literature/?q=climate+change
FG3C000727,tourism,tourism,,FG3C000727,False,0.0,"['tourism growth', 'tourism activities', 'tourism (tourist arrivals)']",adjacent,188,177,217.0,0.00050956,59,76,117,"['China', 'OECD', 'Pakistan']","['country', 'other', 'region']",https://frontiergraph.com/literature/?q=tourism
FG3C000591,per capita CO2 emissions,per capita CO2 emissions,,FG3C000591,False,0.0,"['per capita carbon dioxide emissions', 'CO emissions', 'historical emissions']",adjacent,113,111,216.0,0.00085647,93,21,102,"['China', 'United States']","['country', 'location', 'region']",https://frontiergraph.com/literature/?q=per+capita+CO2+emissions
FG3C000219,price level,price level,,FG3C000219,False,0.0,"['relative price levels', 'initial price level', 'price level / inflation']",core,336,333,216.0,0.00084185,115,45,155,"['United States', 'China', 'United Kingdom']","['country', 'market', 'product']",https://frontiergraph.com/literature/?q=price+level
FG3C000360,environmental taxes,environmental taxes,,FG3C000360,False,0.0,"['green taxes', 'environmental tax reforms', 'environmental tax reform']",adjacent,168,166,215.0,0.00025991,21,94,107,"['China', 'OECD', 'European Union']","['country', 'firm', 'region']",https://frontiergraph.com/literature/?q=environmental+taxes
FG3C000623,high-quality economic development,high-quality economic development,,FG3C000623,False,0.0,"['high-quality agricultural development', 'high-quality development', 'high-quality development of the manufacturing industry']",adjacent,119,118,213.0,0.00082045,103,9,110,['China'],"['region', 'location', 'other']",https://frontiergraph.com/literature/?q=high-quality+economic+development
FG3C000113,firm performance,firm performance,,FG3C000113,False,0.0,"[""firms' performance"", 'firm financial performance']",core,206,206,212.0,0.00077066,148,15,162,"['China', 'Italy', 'United States']","['firm', 'organization', 'individual']",https://frontiergraph.com/literature/?q=firm+performance
FG3C000472,oil consumption,oil consumption,,FG3C000472,False,0.0,"['petroleum consumption', 'crude oil consumption', 'oil dependence']",adjacent,131,130,210.0,0.00050582,55,47,83,"['China', 'United States']","['country', 'region', 'organization']",https://frontiergraph.com/literature/?q=oil+consumption
FG3C000678,implied volatility,implied volatility,,FG3C000678,False,0.0,"['S&P 500 volatility', 'volatility models', 'implied volatility indices']",core,333,316,209.0,0.00051187,70,79,137,"['United States', 'Germany']","['market', 'country', 'product']",https://frontiergraph.com/literature/?q=implied+volatility
FG3C000208,public debt,public debt,,FG3C000208,False,0.0,"['public debt (debt-to-GDP ratio)', 'government debt level', 'federal debt']",core,181,179,209.0,0.00044911,70,67,124,"['United States', 'Africa', 'China']","['country', 'other', 'firm']",https://frontiergraph.com/literature/?q=public+debt
FG3C000106,financial constraints,financial constraints,,FG3C000106,False,0.0,"['financial constraints (financially constrained firms)', 'financial slack', 'financial obstacles']",core,291,288,209.0,0.00024739,51,108,151,"['China', 'Korea']","['firm', 'organization', 'individual']",https://frontiergraph.com/literature/?q=financial+constraints
FG3C000425,digital inclusive finance,digital inclusive finance,,FG3C000425,False,0.0,['inclusive finance'],adjacent,82,82,207.0,5.366e-05,14,108,119,"['China', 'Gulf countries']","['region', 'location', 'other']",https://frontiergraph.com/literature/?q=digital+inclusive+finance
FG3C000073,firm productivity,firm productivity,,FG3C000073,False,0.0,"['productivity (TFP)', 'average firm productivity', 'firm productivity / performance']",core,287,287,205.0,0.00070858,127,31,154,"['China', 'United States']","['firm', 'establishment', 'industry']",https://frontiergraph.com/literature/?q=firm+productivity
FG3C000177,United States,United States,,FG3C000177,False,0.0,"['new EU member states', 'economic states', 'US states']",core,491,446,205.0,0.00064051,75,80,144,"['United States', 'United States of America']","['country', 'region', 'individual']",https://frontiergraph.com/literature/?q=United+States
FG3C000095,household income,household income,,FG3C000095,False,0.0,"['household income level', 'individual income', 'average income']",adjacent,387,386,205.0,0.00059357,56,98,149,"['China', 'United States']","['household', 'individual', 'location']",https://frontiergraph.com/literature/?q=household+income
FG3C000437,green investment,green investment,,FG3C000437,False,0.0,"['Green financial assets', 'green consumption', 'green investors']",adjacent,138,135,205.0,0.00031706,68,73,131,"['China', 'Russia']","['region', 'country', 'firm']",https://frontiergraph.com/literature/?q=green+investment
FG3C000449,artificial intelligence (AI),artificial intelligence (AI),,FG3C000449,False,0.0,"['artificial intelligence development', 'artificial intelligence (AI) adoption', 'observed data']",adjacent,109,108,204.0,0.00012623,31,137,160,"['China', 'United States']","['country', 'firm', 'location']",https://frontiergraph.com/literature/?q=artificial+intelligence+%28AI%29
FG3C006446,place of residence,place of residence,,FG3C006446,False,0.0,"['parameter values', 'region of residence', 'usual care (control)']",adjacent,483,470,203.0,0.0005005,64,98,157,"['United States', 'China']","['individual', 'location', 'household']",https://frontiergraph.com/literature/?q=place+of+residence
FG3C000159,monetary policy shocks,monetary policy shocks,,FG3C000159,False,0.0,"['Expansionary monetary policy shock', 'Contractionary monetary policy shocks', 'real effects of monetary policy']",core,189,187,203.0,0.0001271,26,113,137,"['United States', 'euro area']","['country', 'other', 'firm']",https://frontiergraph.com/literature/?q=monetary+policy+shocks
FG3C000643,equity returns,equity returns,,FG3C000643,False,0.0,"['value of equity', 'global stock returns', 'international equity flows']",core,358,351,200.0,0.00087575,100,57,147,"['United States', 'United Kingdom']","['market', 'firm', 'country']",https://frontiergraph.com/literature/?q=equity+returns
FG3C000093,GDP growth,GDP growth,,FG3C000093,False,0.0,"['GDP decline', 'economic growth (output)', 'global growth']",core,233,233,199.0,0.00075089,100,54,143,"['China', 'United States']","['country', 'region', 'location']",https://frontiergraph.com/literature/?q=GDP+growth
FG3C000222,money supply,money supply,,FG3C000222,False,0.0,"['money supply announcements', 'money supply (M2)', 'quantity of money']",core,263,258,198.0,0.00040473,55,76,115,"['United States', 'China', 'Pakistan']","['country', 'global', 'organization']",https://frontiergraph.com/literature/?q=money+supply
FG3C000047,uncertainty,uncertainty,,FG3C000047,False,0.0,"['uncertainties', 'radical uncertainty', 'pandemic uncertainty']",core,366,366,198.0,0.00022017,40,124,161,"['China', 'United States']","['firm', 'country', 'household']",https://frontiergraph.com/literature/?q=uncertainty
FG3C000403,human development,human development,,FG3C000403,False,0.0,"['Human development (HDI)', 'human behavior', 'long-run economic development']",adjacent,122,122,197.0,0.00078924,82,41,106,"['Pakistan', 'BRICS', 'China']","['country', 'individual', 'region']",https://frontiergraph.com/literature/?q=human+development
FG3C000080,asset prices,asset prices,,FG3C000080,False,0.0,"['state prices', 'financial asset prices', 'financial market prices']",core,327,326,197.0,0.00074326,119,44,158,"['China', 'euro area', 'United States']","['market', 'country', 'product']",https://frontiergraph.com/literature/?q=asset+prices
FG3C000335,digitalization,digitalization,,FG3C000335,False,0.0,"['level of digitalization', 'industrial digitalization']",adjacent,124,123,197.0,0.00023635,30,100,120,"['China', 'India']","['country', 'firm', 'region']",https://frontiergraph.com/literature/?q=digitalization
FG3C000122,real exchange rate,real exchange rate,,FG3C000122,False,0.0,['real exchange rate overvaluation'],core,212,212,196.0,0.00061296,98,61,145,"['United States', 'China', 'Chile']","['country', 'country_pair', 'other']",https://frontiergraph.com/literature/?q=real+exchange+rate
FG3C000475,technological innovations,technological innovations,,FG3C000475,False,0.0,"['technological revolutions', 'rate of technological change', 'technological externalities']",adjacent,226,226,196.0,0.00021927,47,86,123,"['China', 'India', 'United States']","['country', 'region', 'firm']",https://frontiergraph.com/literature/?q=technological+innovations
FG3C000225,industrial agglomeration,industrial agglomeration,,FG3C000225,False,0.0,"['Industrial activities', 'Beijing-Tianjin-Hebei urban agglomeration', 'agricultural industrial agglomeration']",adjacent,163,163,194.0,0.00015352,37,81,112,"['China', '148 countries']","['location', 'region', 'other']",https://frontiergraph.com/literature/?q=industrial+agglomeration
FG3C000620,renewable energy consumption (REC),renewable energy consumption (REC),,FG3C000620,False,0.0,[],adjacent,80,80,193.0,0.00058283,74,34,97,"['China', 'BRICS', 'India']","['country', 'region', 'location']",https://frontiergraph.com/literature/?q=renewable+energy+consumption+%28REC%29
FG3C000150,energy prices,energy prices,,FG3C000150,False,0.0,"['energy price uncertainty', 'energy price increases', 'energy price fluctuations']",adjacent,210,210,193.0,0.00022639,45,86,112,"['China', 'United States', 'OECD']","['country', 'region', 'market']",https://frontiergraph.com/literature/?q=energy+prices
FG3C000722,green credit,green credit,,FG3C000722,False,0.0,"['tradable green certificates', 'Green credit policy (Green Credit Guidelines)', 'commercial credit']",adjacent,118,114,192.0,0.00014548,29,85,108,"['China', 'VNM']","['region', 'firm', 'organization']",https://frontiergraph.com/literature/?q=green+credit
FG3C000259,bank profitability,bank profitability,,FG3C000259,False,0.0,"[""banks' profitability"", 'higher profitability', 'bank business models']",core,146,145,191.0,0.0010402,119,14,127,"['China', 'United States']","['organization', 'firm', 'country']",https://frontiergraph.com/literature/?q=bank+profitability
FG3C000152,carbon tax,carbon tax,,FG3C000152,False,0.0,"['resource tax', 'CO2 tax']",adjacent,186,185,191.0,9.515e-05,19,106,124,"['China', 'United States', 'Chile']","['country', 'region', 'policy_unit']",https://frontiergraph.com/literature/?q=carbon+tax
FG3C000158,employment growth,employment growth,,FG3C000158,False,0.0,"['net employment growth', 'firm employment growth', 'local employment growth']",core,233,231,190.0,0.00087782,122,21,137,"['United States', 'Germany', 'Italy']","['firm', 'region', 'location']",https://frontiergraph.com/literature/?q=employment+growth
FG3C000190,bid-ask spread,bid-ask spread,,FG3C000190,False,0.0,"['relative bid-ask spreads', 'market liquidity (bid-ask spread)', 'bid-ask bounce']",core,364,356,190.0,0.00082769,93,44,128,"['United States', 'China']","['market', 'firm', 'other']",https://frontiergraph.com/literature/?q=bid-ask+spread
FG3C000547,renewable energy development,renewable energy development,,FG3C000547,False,0.0,['new energy industry development'],adjacent,75,75,189.0,0.00045146,82,28,103,"['China', 'European Union']","['country', 'region', 'location']",https://frontiergraph.com/literature/?q=renewable+energy+development
FG3C000318,greenhouse gas (GHG) emissions,greenhouse gas (GHG) emissions,,FG3C000318,False,0.0,"['total greenhouse gas emissions', 'greenhouse gas emission reductions', 'global greenhouse gas emissions']",adjacent,113,113,188.0,0.00080709,114,9,120,"['China', 'United States', 'Denmark']","['country', 'firm', 'organization']",https://frontiergraph.com/literature/?q=greenhouse+gas+%28GHG%29+emissions
FG3C000114,market concentration,market concentration,,FG3C000114,False,0.0,"['banking sector concentration', 'customer concentration', 'market concentration / market structure']",core,283,283,187.0,0.00028611,35,103,131,"['China', 'United States', 'Italy']","['market', 'industry', 'firm']",https://frontiergraph.com/literature/?q=market+concentration
FG3C000325,real exchange rates,real exchange rates,,FG3C000325,False,0.0,"['persistence of real exchange rates', 'bilateral real exchange rates', 'real exchange rate misalignment']",core,187,182,186.0,0.00048832,89,48,127,"['United States', 'United Kingdom', 'Japan']","['country', 'country_pair', 'other']",https://frontiergraph.com/literature/?q=real+exchange+rates
FG3C000362,renewable energy use,renewable energy use,,FG3C000362,False,0.0,['use of renewable energy'],adjacent,115,115,186.0,0.0004132,39,59,80,"['China', 'Brazil', 'India']","['country', 'other', 'region']",https://frontiergraph.com/literature/?q=renewable+energy+use
FG3C000162,terms of trade,terms of trade,,FG3C000162,False,0.0,"['terms of trade volatility', 'deterioration in the terms of trade', 'trade elasticity']",core,298,293,186.0,0.00040564,74,73,136,"['United States', 'China', 'Canada']","['country', 'country_pair', 'region']",https://frontiergraph.com/literature/?q=terms+of+trade
